EEID,First Name,Last Name,Gender,DOB,DOH,DOR,Salary1,Salary2,Salary3,Benefit
61,KAILYN,STEWART,FEMALE,04-13-1956,06-08-2003,05-01-2021,0,0,0,86648
215,ALESSANDRA,CARROLL,FEMALE,11-21-1952,09-06-2010,12-01-2017,0,0,0,70227
369,IVY,LYONS,FEMALE,01-24-1985,08-06-2034,02-01-2050,221243,225668,230181,0
523,TZIPORA,MUELLER,FEMALE,10-18-1987,11-03-2012,11-01-2052,81184,89302,93767,0
677,SEAN,GARRISON,MALE,03-25-1992,03-01-2007,04-01-2057,41463,42707,45269,0
831,LEVI,WEEKS,MALE,11-18-1957,01-05-2014,12-01-2022,0,0,0,49287
985,ASHLEY,JARVIS,FEMALE,03-28-1996,07-09-2014,04-01-2061,236934,296168,308015,0
1139,ARIANA,MARSHALL,FEMALE,09-12-1958,09-09-2026,10-01-2023,0,0,0,46509
1293,ZARIAH,PADILLA,FEMALE,09-05-1959,11-12-2007,10-01-2024,0,0,0,78919
1447,ELIJAH,BLAKE,MALE,03-14-1972,04-12-2013,04-01-2037,89451,111814,135295,0
1601,PETER,CAREY,MALE,03-04-1996,01-11-2014,04-01-2061,51002,63753,68853,0
1755,FINN,MCCULLOUGH,MALE,11-17-1966,08-10-2004,12-01-2031,216012,237613,278007,0
1909,SHIA,FRY,MALE,05-15-2003,11-05-2051,06-01-2068,199042,201032,251290,0
2063,ISHAAN,MORALES,MALE,01-04-1965,04-02-2039,02-01-2030,138567,145495,148405,0
2217,EVAN,RILEY,MALE,04-03-1967,02-03-2006,05-01-2032,198326,241958,268573,0
2371,ALLEN,GRAVES,MALE,12-05-1989,12-05-1985,01-01-2054,51272,59988,65987,0
2525,OLIVIA,FRENCH,FEMALE,09-01-1972,11-06-2039,10-01-2037,166642,191638,218467,0
2679,MELANIE,BOND,FEMALE,06-21-1962,11-15-2039,07-01-2027,120108,144130,158543,0
2833,DANIELLE,FREDERICK,FEMALE,01-22-1959,06-08-2017,02-01-2024,0,0,0,45359
2987,MIA,REYNA,FEMALE,02-15-1972,09-08-2048,03-01-2037,210932,227807,280203,0
3141,CATHERINE,HARRISON,FEMALE,10-28-2002,11-13-2023,11-01-2067,126433,132755,159306,0
3295,MARIAM,WALSH,FEMALE,07-15-1993,11-06-2049,08-01-2058,58018,71362,87062,0
3449,JAYSON,ADKINS,MALE,09-01-1951,10-05-2015,10-01-2016,0,0,0,79188
3603,ALAN,MELENDEZ,MALE,01-24-1993,08-10-2026,02-01-2058,77838,90292,111962,0
3757,LEONARDO,MURILLO,MALE,10-18-1972,08-12-2020,11-01-2037,67298,79412,86559,0
3911,ALEXANDRA,BEST,FEMALE,02-25-1968,06-05-2012,03-01-2033,80457,91721,98141,0
4065,KHLOE,COOK,FEMALE,03-05-1952,11-02-1990,04-01-2017,0,0,0,57437
4219,KAYLEE,ALVARADO,FEMALE,09-06-1967,04-13-2028,10-01-2032,101013,111114,137781,0
4373,CAROLINA,THORNTON,FEMALE,07-05-1963,04-04-2004,08-01-2028,196856,200793,212841,0
4527,MIA,MCBRIDE,FEMALE,06-24-1976,07-15-2010,07-01-2041,36513,44546,51228,0
4681,CHANIE,HANCOCK,FEMALE,11-09-1975,09-13-1990,12-01-2040,229844,239038,286846,0
4835,LINA,MCFARLAND,FEMALE,07-27-2000,08-11-2010,08-01-2065,50474,52998,55648,0
4989,AIDEN,MAYO,MALE,06-21-1991,04-02-2017,07-01-2056,38583,40512,42538,0
5143,THEODORE,MCDONALD,MALE,03-23-1966,08-04-1995,04-01-2031,235825,273557,309119,0
5297,MICHAEL,SCHULTZ,MALE,10-16-1953,08-06-2022,11-01-2018,0,0,0,63326
5451,FRANK,GOODMAN,MALE,10-05-1964,01-11-2057,11-01-2029,197279,236735,265143,0
5605,SAUL,ROBERSON,MALE,12-07-1952,10-01-2014,01-01-2017,0,0,0,64824
5759,HENRY,SALGADO,MALE,04-03-1976,02-05-1997,05-01-2041,221035,232087,280825,0
5913,SHMIEL,LUGO,MALE,01-12-1957,06-03-2023,02-01-2022,0,0,0,74339
6067,Shreya,GUTIERREZ,FEMALE,08-09-1973,10-03-2003,09-01-2038,59194,65113,66415,0
6221,Brian,DELGADO,MALE,02-14-1978,02-08-1997,03-01-2043,77903,96600,117852,0
6375,Abdul,WARNER,MALE,01-08-1965,10-08-2022,02-01-2030,143387,157726,176653,0
6529,Faiga,LINDSEY,FEMALE,12-06-1978,06-05-2000,01-01-2043,71035,78139,97674,0
6683,Alana,DILLON,FEMALE,01-17-1972,03-03-2010,02-01-2037,229541,263972,277171,0
6837,HUDSON,ENRIQUEZ,MALE,06-07-1967,09-11-2022,07-01-2032,79034,86147,103376,0
6991,Lyric,HENDRIX,FEMALE,02-24-1976,05-14-2037,03-01-2041,191028,200579,236683,0
7145,Tristan,WASHINGTON,MALE,09-25-1984,02-08-2051,10-01-2049,52052,53614,54150,0
7299,MAYA,FOWLER,FEMALE,06-13-1969,08-03-2009,07-01-2034,143653,170947,194880,0
7453,Lipa,WEBSTER,MALE,06-04-1981,12-11-2010,07-01-2046,196863,226392,264879,0
7607,Isabelle,CONLEY,FEMALE,03-24-1960,04-13-2025,04-01-2025,103372,105439,106493,0
7761,Laila,KLINE,FEMALE,05-20-2003,09-06-2014,06-01-2068,103000,125660,141996,0
7915,Nyla,DOUGHERTY,FEMALE,12-01-1993,10-14-2037,01-01-2058,152344,181289,192166,0
8069,Jessica,MORGAN,FEMALE,06-22-1951,09-12-2043,07-01-2016,0,0,0,52544
8223,Avigail,PERKINS,FEMALE,06-12-1984,06-12-2036,07-01-2049,70323,85794,91800,0
8377,Eleanor,MCKINNEY,FEMALE,07-07-1960,01-07-2005,08-01-2025,46644,53641,57932,0
8531,RACHEL,NORTON,FEMALE,08-14-1968,06-15-2010,09-01-2033,87500,102375,123874,0
8685,Duvid,WIGGINS,MALE,10-13-1957,10-09-2005,11-01-2022,0,0,0,52881
8839,Ariel,QUINTERO,FEMALE,07-07-1980,04-02-2030,08-01-2045,206735,243947,304934,0
8993,Rifky,ROWLAND,FEMALE,03-09-1970,11-14-2014,04-01-2035,121343,124983,142481,0
9147,Vivian,WELLS,FEMALE,10-27-1961,01-02-2023,11-01-2026,106367,114876,125215,0
9301,Riley,DAVIDSON,FEMALE,07-22-1959,05-13-2004,08-01-2024,0,0,0,42139
9455,Selena,FISCHER,FEMALE,10-14-1952,07-04-2016,11-01-2017,0,0,0,66943
9609,Rayan,COPELAND,MALE,06-05-2001,11-12-2008,07-01-2066,52662,65828,75044,0
9763,AWA,BARAJAS,FEMALE,06-28-1990,04-13-2022,07-01-2055,193817,209322,215602,0
9917,Shalom,HALEY,MALE,07-15-1953,05-12-2021,08-01-2018,0,0,0,89837
10071,Randy,PETERSON,MALE,12-02-1966,04-09-2040,01-01-2031,149497,173417,213303,0
10225,Yaakov,JOHNSTON,MALE,05-08-1972,09-04-2022,06-01-2037,115672,121456,146962,0
10379,Alonso,ZIMMERMAN,MALE,12-02-1958,08-09-2049,01-01-2023,0,0,0,40880
10533,LILLIAN,SPARKS,FEMALE,01-10-1983,09-02-2024,02-01-2048,201450,249798,292264,0
10687,Ivan,ARELLANO,MALE,06-01-1973,08-15-2025,07-01-2038,183130,194118,234883,0
10841,Camilla,SCHAEFER,FEMALE,12-15-2002,07-04-2024,01-01-2067,154934,161131,185301,0
10995,Omar,DUKE,MALE,01-03-1967,09-02-2043,02-01-2032,223744,279680,288070,0
11149,Edward,HENRY,MALE,05-23-1981,04-09-2035,06-01-2046,39639,40432,49327,0
11303,Christian,BREWER,MALE,12-09-1982,12-01-2018,01-01-2047,230492,262761,286409,0
11457,YEHOSHUA,POTTER,MALE,12-14-1956,12-07-2039,01-01-2021,0,0,0,47618
11611,SHAINA,LAM,FEMALE,01-18-1979,09-03-2015,02-01-2044,161794,165030,166680,0
11765,Morris,ROSAS,MALE,03-17-1955,12-02-2013,04-01-2020,0,0,0,42335
11919,JUDY,VILLALOBOS,FEMALE,05-22-1955,08-08-2024,06-01-2020,0,0,0,85733
12073,Isabelle,REED,FEMALE,09-20-1960,09-04-2041,10-01-2025,181791,198152,208060,0
12227,Juliette,PENA,FEMALE,11-08-1978,07-02-2043,12-01-2043,76882,83801,101399,0
12381,Isabella,LARA,FEMALE,12-02-1982,03-15-2028,01-01-2047,77579,86113,93863,0
12535,Raphael,YATES,MALE,12-10-1959,12-04-2017,01-01-2024,0,0,0,37853
12689,TALIA,ONEILL,FEMALE,09-19-1996,09-13-2022,10-01-2061,97344,114866,120609,0
12843,Katherine,TREJO,FEMALE,12-13-1968,11-12-2012,01-01-2033,237527,273156,281351,0
12997,Toby,DAUGHERTY,FEMALE,08-05-1966,05-12-2015,09-01-2031,197999,231659,282624,0
13151,Annabella,FREEMAN,FEMALE,10-11-1981,01-09-2006,11-01-2046,197217,240605,245417,0
13305,Adonis,HOLLAND,MALE,06-04-1950,01-11-2009,07-01-2015,0,0,0,65503
13459,Kayla,MONTOYA,FEMALE,01-04-1951,11-13-2025,02-01-2016,0,0,0,39436
13613,YUSUF,ROCHA,MALE,12-17-1984,04-02-2016,01-01-2049,103340,110574,131583,0
13767,SOFIA,JACOBSON,FEMALE,02-08-1972,07-12-2049,03-01-2037,56749,66964,74330,0
13921,JONATHAN,HORNE,MALE,05-05-1956,09-07-2021,06-01-2021,0,0,0,71679
14075,Ellie,HOWARD,FEMALE,05-05-1973,07-15-2000,06-01-2038,36362,42907,49343,0
14229,Mila,CONTRERAS,FEMALE,03-08-1975,10-11-2021,04-01-2040,101791,119095,127432,0
14383,Azaan,PAGE,MALE,10-25-1959,09-15-2011,11-01-2024,0,0,0,73991
14537,Aaron,MARSH,MALE,12-10-1996,03-14-2030,01-01-2061,125545,126800,131872,0
14691,Quincy,HO,MALE,05-11-1966,12-03-2032,06-01-2031,131863,133182,165146,0
14845,Jadiel,REILLY,MALE,03-16-1995,03-11-2032,04-01-2060,202563,251178,283831,0
14999,Yadiel,TANG,MALE,04-16-1958,03-04-2016,05-01-2023,0,0,0,83707
15153,Ivan,TUCKER,MALE,01-28-1965,09-09-1987,02-01-2030,114266,125693,133235,0
15307,Shloimy,NEWMAN,MALE,10-27-1981,11-14-2014,11-01-2046,245637,287395,298891,0
15461,LILIANA,WU,FEMALE,09-07-2002,01-02-2015,10-01-2067,228401,278649,292581,0
15615,BAILA,JEFFERSON,FEMALE,11-26-1983,10-12-2040,12-01-2048,110454,117081,120593,0
15769,LILAH,KNOX,FEMALE,09-08-1967,03-04-2029,10-01-2032,189102,196666,208466,0
15923,ALVIN,QUINTANA,MALE,07-14-2002,09-15-2011,08-01-2067,110187,125613,135662,0
16077,AMIR,KIM,MALE,02-26-1984,06-04-2030,03-01-2049,142901,164336,197203,0
16231,RICARDO,CARPENTER,MALE,11-28-1989,03-08-2020,12-01-2054,139938,155331,170864,0
16385,IRENE,LOVE,FEMALE,08-11-1992,01-02-2006,09-01-2057,75083,75834,86451,0
16539,HARMONY,VILLANUEVA,FEMALE,12-04-1977,10-05-2018,01-01-2042,185939,211970,254364,0
16693,ANGELY,PITTS,FEMALE,10-17-2000,03-04-2028,11-01-2065,219063,258494,274004,0
16847,AUDREY,MICHAEL,FEMALE,06-19-1951,08-12-2030,07-01-2016,0,0,0,68944
17001,ALEXIS,SMITH,FEMALE,06-20-1951,06-08-2020,07-01-2016,0,0,0,65148
17155,TRINITY,BURNS,FEMALE,10-05-1998,10-15-2007,11-01-2063,46734,53277,55941,0
17309,ELVIS,CURTIS,MALE,07-01-1952,09-08-2033,08-01-2017,0,0,0,52003
17463,MAURICIO,MULLINS,MALE,04-08-1988,08-12-2050,05-01-2053,135690,150616,170196,0
17617,DEREK,MONROE,MALE,04-06-1959,10-14-2027,05-01-2024,0,0,0,44883
17771,RAFAEL,KERR,MALE,02-13-1958,06-08-2011,03-01-2023,0,0,0,63212
17925,ELI,ESQUIVEL,MALE,10-03-1994,02-08-2028,11-01-2059,238752,248302,305411,0
18079,BRYCE,WARD,MALE,07-26-2000,04-14-2007,08-01-2065,227023,233834,278262,0
18233,ADEN,SANDOVAL,MALE,01-20-1985,11-14-2023,02-01-2050,113957,128771,131346,0
18387,KASSANDRA,CERVANTES,FEMALE,01-18-1973,06-08-2029,02-01-2038,200503,202508,210608,0
18541,ALMA,PRATT,FEMALE,02-07-2000,05-15-1994,03-01-2065,153297,187022,201984,0
18695,JADE,PONCE,FEMALE,03-07-1978,03-14-2014,04-01-2043,158563,198204,216042,0
18849,Angelina,GILES,FEMALE,06-27-1993,07-04-1995,07-01-2058,82362,93893,103282,0
19003,Zara,WILLIAMS,FEMALE,06-11-1958,11-10-2005,07-01-2023,0,0,0,52483
19157,Sanaa,OLSON,FEMALE,12-02-1979,09-02-2017,01-01-2044,243478,262956,305029,0
19311,HECTOR,DOUGLAS,MALE,07-15-1951,12-08-2015,08-01-2016,0,0,0,66294
19465,TYLER,MALONE,MALE,03-21-1969,10-09-2010,04-01-2034,212129,231221,279777,0
19619,ISAAC,PITTMAN,MALE,08-05-1953,11-05-2027,09-01-2018,0,0,0,57211
19773,STEPHEN,MEADOWS,MALE,01-14-1971,02-07-2005,02-01-2036,173245,216556,220887,0
19927,Ayaan,DODSON,MALE,03-28-1961,09-05-2028,04-01-2026,187387,191135,219805,0
20081,Aidan,WATSON,MALE,03-23-1974,05-02-2013,04-01-2039,61479,62094,63957,0
20235,Prince,GEORGE,MALE,06-21-1967,07-12-2004,07-01-2032,210254,248100,255543,0
20389,Melanie,ERICKSON,FEMALE,07-27-1961,12-06-2009,08-01-2026,228223,282997,308467,0
20543,Caroline,OWEN,FEMALE,05-17-2000,11-12-1997,06-01-2065,185707,219134,245430,0
20697,Lola,BOOTH,FEMALE,02-28-1997,04-15-2035,03-01-2062,200428,214458,218747,0
20851,Yanky,CROSBY,MALE,11-06-1952,08-09-2019,12-01-2017,0,0,0,76662
21005,Mila,JONES,FEMALE,08-24-1995,07-13-2003,09-01-2060,68051,76898,88433,0
21159,Lauren,PORTER,FEMALE,09-01-2002,08-06-2043,10-01-2067,227370,281939,293217,0
21313,Hector,JOSEPH,MALE,12-09-1953,09-12-2028,01-01-2018,0,0,0,72034
21467,Robert,TATE,MALE,06-05-1993,02-10-2032,07-01-2058,117897,145013,152264,0
21621,Gregory,RANDALL,MALE,12-21-1999,11-03-2045,01-01-2064,224084,250974,283601,0
21775,Aileen,DAVILA,FEMALE,12-17-1980,09-07-2024,01-01-2045,51890,57079,70207,0
21929,Joselyn,XIONG,FEMALE,07-15-1989,08-07-2004,08-01-2054,77866,87989,90629,0
22083,Ahuva,CHAVEZ,FEMALE,02-18-1977,04-11-2007,03-01-2042,62293,66031,70653,0
22237,Avery,RIOS,MALE,05-05-1985,04-07-2038,06-01-2050,72529,87760,92148,0
22391,Zamir,CHANG,MALE,12-23-1986,01-10-1997,01-01-2051,217448,252240,262330,0
22545,John,LANG,MALE,04-19-1991,08-06-1996,05-01-2056,165478,175407,177161,0
22699,Anton,GOLDEN,MALE,10-14-1967,02-04-2029,11-01-2032,40458,44099,46745,0
22853,Margaret,DONOVAN,FEMALE,05-28-1991,06-01-2025,06-01-2056,184318,193534,218693,0
23007,Anderson,MILLER,MALE,04-17-1983,05-02-2032,05-01-2048,184220,202642,251276,0
23161,Timothy,GORDON,MALE,05-03-1959,04-01-2038,06-01-2024,0,0,0,74716
23315,Lipa,NAVARRO,MALE,06-20-1964,01-04-2031,07-01-2029,188024,206826,215099,0
23469,Shloimy,SHERMAN,MALE,03-22-1966,10-03-2039,04-01-2031,82130,92807,93735,0
23623,Layla,KIRK,FEMALE,10-27-1964,02-10-2026,11-01-2029,178788,196667,236000,0
23777,Hailey,PRUITT,FEMALE,12-17-1955,09-13-2025,01-01-2020,0,0,0,43658
23931,Galilea,CANO,FEMALE,03-21-1957,07-08-2052,04-01-2022,0,0,0,49963
24085,Alice,JAMES,FEMALE,12-13-1998,10-15-2023,01-01-2063,69259,83111,90591,0
24239,Natalia,ORTEGA,FEMALE,10-25-1975,10-09-2021,11-01-2040,110567,121624,130138,0
24393,Poppy,SALINAS,FEMALE,06-01-1984,02-08-2018,07-01-2049,139911,170691,198002,0
24547,Aayan,VILLARREAL,MALE,05-04-1982,10-06-2007,06-01-2047,43697,54184,54726,0
24701,Jackson,BRENNAN,MALE,07-19-1992,04-12-2052,08-01-2057,229263,259067,313471,0
24855,Henry,MAHONEY,MALE,10-11-1953,06-10-2018,11-01-2018,0,0,0,69569
25009,Bruno,RODRIGUEZ,MALE,02-13-1993,04-02-2011,03-01-2058,179801,224751,262959,0
25163,Shia,SILVA,MALE,03-23-1997,10-11-2021,04-01-2062,175425,196476,235771,0
25317,Desmond,KELLER,MALE,07-10-1995,10-04-2027,08-01-2060,49037,59335,71795,0
25471,CALEB,HODGES,MALE,03-05-1965,09-05-2013,04-01-2030,148263,154194,185033,0
25625,BRYSON,MATHIS,MALE,01-17-1993,10-10-2017,02-01-2058,102470,123989,141347,0
25779,TIMOTHY,CONWAY,MALE,06-14-1973,01-06-2033,07-01-2038,89878,105157,125137,0
25933,JOY,HUBER,FEMALE,04-17-1963,06-11-2021,05-01-2028,213491,243380,299357,0
26087,KAI,GRAY,FEMALE,10-21-2002,07-11-2019,11-01-2067,48312,57974,68989,0
26241,AURORA,GREENE,FEMALE,01-05-1999,02-05-1988,02-01-2064,157640,181286,224795,0
26395,LAYLA,BALDWIN,FEMALE,08-06-1975,06-12-2005,09-01-2040,123183,137965,140724,0
26549,ARIELLA,DRAKE,FEMALE,02-22-2002,02-14-2030,03-01-2067,169261,211576,247544,0
26703,LAUREN,MARKS,FEMALE,07-04-2002,05-11-2029,08-01-2067,79715,94861,97707,0
26857,GEORGE,RAYMOND,MALE,12-17-1987,09-03-1990,01-01-2052,135883,169854,180045,0
27011,STEPHEN,HERNANDEZ,MALE,08-26-2003,11-05-2017,09-01-2068,39000,39390,47268,0
27165,ILAN,SNYDER,MALE,05-09-1992,06-01-1990,06-01-2057,139576,153534,182705,0
27319,TZVI,WADE,MALE,03-26-1981,05-04-2026,04-01-2046,89268,106229,114727,0
27473,ELLIE,GUERRA,FEMALE,03-25-2000,11-05-2020,04-01-2065,129917,146806,157082,0
27627,BINTOU,SKINNER,FEMALE,05-26-1987,12-06-2010,06-01-2052,140478,151716,180542,0
27781,AMALIA,BARR,FEMALE,08-02-1960,03-01-2028,09-01-2025,133874,147261,170823,0
27935,KAYLIN,MOYER,FEMALE,08-15-1994,11-13-1990,09-01-2059,198193,241795,299826,0
28089,AMINA,RUIZ,FEMALE,02-12-1969,08-06-2010,03-01-2034,203559,250378,252882,0
28243,JESSICA,WHEELER,FEMALE,12-22-1976,09-01-2006,01-01-2041,218605,264512,296253,0
28397,SONIA,SIMON,FEMALE,08-28-1959,05-08-2026,09-01-2024,0,0,0,47135
28551,LUKE,CAIN,MALE,07-03-1996,03-04-2011,08-01-2061,177587,220208,240027,0
28705,JOHN,HUMPHREY,MALE,05-13-1959,03-04-2044,06-01-2024,0,0,0,78013
28859,CRISTIAN,HAHN,MALE,09-08-1953,03-15-2021,10-01-2018,0,0,0,82035
29013,MATTEO,GONZALEZ,MALE,06-12-1962,06-04-2026,07-01-2027,145563,180498,222013,0
29167,DREW,DIXON,MALE,10-23-1991,12-03-2019,11-01-2056,245781,282648,353310,0
29321,OLIVER,STANLEY,MALE,06-04-1970,02-06-2057,07-01-2035,229578,286973,350107,0
29475,Ellie,VALENCIA,FEMALE,07-11-1957,12-08-2017,08-01-2022,0,0,0,59833
29629,Bella,RICHARD,FEMALE,01-09-1987,07-10-2017,02-01-2052,196130,211820,230884,0
29783,Alessandra,DEJESUS,FEMALE,03-22-2002,11-07-2032,04-01-2067,43330,46363,49608,0
29937,Kamila,FRYE,FEMALE,03-23-1985,08-01-2048,04-01-2050,50686,61837,65547,0
30091,Alexia,PRICE,FEMALE,06-18-2001,07-05-1996,07-01-2066,113234,122293,123516,0
30245,Esty,HARPER,FEMALE,01-17-1995,01-02-2014,02-01-2060,70617,77679,94768,0
30399,Sophie,HARDY,FEMALE,08-11-1985,04-08-2029,09-01-2050,69470,82669,83496,0
30553,Raymond,PINEDA,MALE,05-08-1961,06-11-2030,06-01-2026,245966,263184,273711,0
30707,Hawa,SAWYER,FEMALE,11-25-1950,05-07-2000,12-01-2015,0,0,0,45653
30861,Raymond,SMALL,MALE,07-09-1994,06-08-2052,08-01-2059,96652,117915,146215,0
31015,Nathaniel,ANDERSON,MALE,01-12-1965,11-12-2030,02-01-2030,56391,70489,85997,0
31169,Carina,HUNT,FEMALE,01-09-1980,08-11-2021,02-01-2045,237255,265726,310899,0
31323,Tristan,CAMPOS,MALE,11-04-1971,01-03-2011,12-01-2036,67486,78959,95540,0
31477,Adriel,FRANCO,MALE,07-13-1998,05-12-2030,08-01-2063,70990,88028,95951,0
31631,Londyn,WALL,FEMALE,04-14-1952,08-04-2026,05-01-2017,0,0,0,79066
31785,Jason,BERGER,MALE,03-28-1990,07-14-2021,04-01-2055,194850,210438,263048,0
31939,Yachet,MCCARTY,FEMALE,06-13-2003,08-09-1985,07-01-2068,207835,218227,266237,0
32093,Kamila,CASTILLO,FEMALE,08-20-1996,06-03-2044,09-01-2061,152822,191028,208221,0
32247,Nathaniel,LARSON,MALE,12-27-1974,01-13-2026,01-01-2039,238489,283802,326372,0
32401,Jeremiah,AGUIRRE,MALE,08-15-1954,08-05-2004,09-01-2019,0,0,0,68176
32555,Ezra,MERCADO,MALE,11-04-1981,07-14-2035,12-01-2046,127876,139385,142173,0
32709,Anisa,TANNER,FEMALE,12-19-1988,12-14-2008,01-01-2053,170296,207761,241003,0
32863,Axel,FELIX,MALE,09-16-2003,03-13-2017,10-01-2068,42037,44980,46779,0
33017,Ariana,TAYLOR,FEMALE,02-05-1992,01-14-2022,03-01-2057,214445,225167,261194,0
33171,Ariella,HOLMES,FEMALE,03-06-1981,03-07-2015,04-01-2046,225476,245769,265431,0
33325,Yossi,BATES,MALE,10-25-1967,12-02-2020,11-01-2032,166488,168153,193376,0
33479,Adrian,GALLAGHER,MALE,05-04-1998,02-08-2036,06-01-2063,199964,221960,259693,0
33633,Queena,KIRBY,FEMALE,01-03-1982,06-04-1994,02-01-2047,122674,134941,153833,0
33787,Malka,BLANKENSHIP,FEMALE,03-12-2003,02-05-2006,04-01-2068,246509,293346,346148,0
33941,Jasper,BOOKER,MALE,02-01-1969,07-10-1993,03-01-2034,170216,197451,209298,0
34095,Paul,PATEL,MALE,04-01-1983,10-03-2012,05-01-2048,240751,284086,292609,0
34249,Bridget,MALDONADO,FEMALE,08-11-1988,12-08-2024,09-01-2053,93421,116776,122615,0
34403,Nicole,CUMMINGS,FEMALE,05-19-1951,11-11-2011,06-01-2016,0,0,0,89453
34557,Eddie,SHEPHERD,MALE,01-13-2003,07-15-1997,02-01-2068,37998,39138,39529,0
34711,Camren,KAUR,MALE,02-15-1986,07-03-2037,03-01-2051,40084,42489,45888,0
34865,Aden,LUCERO,MALE,02-08-1990,08-06-2054,03-01-2055,203751,242464,281258,0
35019,Landon,JACKSON,MALE,12-26-1957,03-04-2013,01-01-2022,0,0,0,72319
35173,Brayden,WAGNER,MALE,02-26-1988,08-04-2033,03-01-2053,149982,179978,205175,0
35327,Matthew,CALDWELL,MALE,02-05-1951,10-13-1989,03-01-2016,0,0,0,40539
35481,Amy,HAMMOND,FEMALE,11-19-1977,04-06-2029,12-01-2042,136027,155071,181433,0
35635,Syeda,BRIDGES,FEMALE,08-08-1976,05-06-2017,09-01-2041,185636,207912,216228,0
35789,Nova,PALACIOS,FEMALE,08-27-1983,11-02-2029,09-01-2048,96964,100843,108910,0
35943,Elizabeth,PARRA,FEMALE,05-25-1985,07-15-2048,06-01-2050,168930,175687,217852,0
36097,Ruby,LONG,FEMALE,04-04-1979,02-10-2028,05-01-2044,119750,143700,171003,0
36251,Elena,FRANKLIN,FEMALE,11-01-1968,02-08-2004,12-01-2033,218031,235473,273149,0
36405,Matilda,SHARP,FEMALE,12-06-1997,01-04-2015,01-01-2062,65591,72806,82999,0
36559,Arjun,ALI,MALE,11-27-1985,11-12-2018,12-01-2050,226397,255829,294203,0
36713,Vincent,WILEY,MALE,10-21-1985,05-04-2020,11-01-2050,65345,71880,84818,0
36867,Noel,HANNA,MALE,12-17-1957,02-03-2048,01-01-2022,0,0,0,58522
37021,Ismael,LEE,MALE,03-19-1984,06-05-2018,04-01-2049,233188,247179,257066,0
37175,Tristan,ROBERTSON,MALE,11-23-1991,10-13-2047,12-01-2056,162695,172457,205224,0
37329,Hugo,LAMBERT,MALE,03-18-1961,07-06-2009,04-01-2026,35261,40903,46629,0
37483,Shimon,TOWNSEND,MALE,12-17-1987,11-07-2009,01-01-2052,175528,187815,223500,0
37637,Zion,ATKINSON,MALE,07-28-1958,08-08-2031,08-01-2023,0,0,0,74039
37791,Felix,BARTLETT,MALE,01-06-1955,06-09-2004,02-01-2020,0,0,0,38149
37945,Yaretzi,JARAMILLO,FEMALE,06-13-1990,03-01-2000,07-01-2055,220462,244713,278973,0
38099,Kevin,FOSTER,MALE,11-17-1972,01-14-2048,12-01-2037,88808,102129,124597,0
38253,Kayla,AUSTIN,FEMALE,05-11-1992,08-01-2054,06-01-2057,116316,133763,145802,0
38407,Abraham,BOWEN,MALE,10-17-1962,01-02-2016,11-01-2027,127470,138942,166730,0
38561,Brody,LAMB,MALE,11-21-1997,06-10-2026,12-01-2062,127739,145622,164553,0
38715,Menashe,RUSSO,MALE,03-22-1957,08-06-2027,04-01-2022,0,0,0,74193
38869,Francesca,RUSH,FEMALE,05-22-1967,11-08-2004,06-01-2032,230128,250840,253348,0
39023,Louisa,THOMPSON,FEMALE,09-28-1998,05-08-2006,10-01-2063,142538,162493,203116,0
39177,Hunter,ROSE,MALE,07-28-1973,01-12-2015,08-01-2038,178060,186963,229964,0
39331,Autumn,BYRD,FEMALE,03-19-1971,07-01-2027,04-01-2036,247193,264497,280367,0
39485,SIMI,WISE,FEMALE,05-21-1972,06-09-1991,06-01-2037,188667,222627,253795,0
39639,MUHAMMAD,MEZA,MALE,11-13-1996,11-10-1989,12-01-2061,243324,304155,368028,0
39793,JUSTIN,DORSEY,MALE,07-25-1990,04-08-2009,08-01-2055,191766,212860,219246,0
39947,ALLISON,RASMUSSEN,FEMALE,08-17-1999,05-14-2003,09-01-2064,126712,149520,186900,0
40101,ALIYAH,POWELL,FEMALE,03-23-1977,03-08-2026,04-01-2042,94854,98648,123310,0
40255,SKYLAR,CARR,FEMALE,06-03-1977,12-10-1995,07-01-2042,203786,232316,253224,0
40409,HELEN,DENNIS,FEMALE,06-27-1980,05-15-2040,07-01-2045,38714,41424,42252,0
40563,SASHA,MCKENZIE,FEMALE,03-06-1990,03-12-2004,04-01-2055,232007,280728,300379,0
40717,ESTY,HOBBS,FEMALE,09-17-1971,09-01-2009,10-01-2036,180723,220482,227096,0
40871,ROCHEL,HARDING,FEMALE,08-23-1984,10-14-1984,09-01-2049,247527,264854,328419,0
41025,LEONEL,HARRIS,MALE,07-26-1999,11-01-1996,08-01-2064,120779,123195,141674,0
41179,CALEB,SALAZAR,MALE,02-22-1966,12-09-2009,03-01-2031,138642,155279,186335,0
41333,NAFTULI,AYALA,MALE,12-03-1986,08-06-1982,01-01-2051,91167,92990,108798,0
41487,CONNIE,CLARKE,FEMALE,12-26-1972,12-02-2034,01-01-2037,49050,56898,70554,0
41641,ARIA,VINCENT,FEMALE,11-26-1958,02-13-2020,12-01-2023,0,0,0,62767
41795,ALEXA,ODONNELL,FEMALE,07-20-1990,09-01-2015,08-01-2055,48565,52450,62416,0
41949,KAILEY,PERALTA,FEMALE,10-10-1982,05-02-2022,11-01-2047,186275,208628,237836,0
42103,ALEXIS,PERRY,FEMALE,05-10-1974,02-02-2018,06-01-2039,154470,160649,200811,0
42257,ISABEL,JACOBS,FEMALE,12-21-1964,05-08-1992,01-01-2029,111730,139663,146646,0
42411,SHAINA,LIU,FEMALE,05-06-1997,03-12-2048,06-01-2062,163725,178460,194521,0
42565,KEVIN,BEIL,MALE,06-21-1960,05-13-2025,07-01-2025,96161,100969,103998,0
42719,JALEN,WILKERSON,MALE,09-16-1976,06-08-2030,10-01-2041,227106,229377,231671,0
42873,CAMILO,BERNAL,MALE,04-01-1978,02-04-2005,05-01-2043,109854,115347,131496,0
43027,MARCUS,CLARK,MALE,12-24-1999,07-11-2020,01-01-2064,52247,60607,61213,0
43181,COOPER,WARREN,MALE,04-04-1990,04-09-1989,05-01-2055,169919,209000,213180,0
43335,NATHAN,FRAZIER,MALE,05-14-1957,11-12-2010,06-01-2022,0,0,0,52988
43489,Christina,SCHROEDER,FEMALE,03-21-1991,04-15-2032,04-01-2056,151316,184606,188298,0
43643,Angelina,HODGE,FEMALE,07-22-1976,03-04-2027,08-01-2041,180775,209699,251639,0
43797,Zariah,BROWNING,FEMALE,01-24-1969,09-05-2008,02-01-2034,57821,61868,66199,0
43951,Jazmine,STUART,FEMALE,07-24-2000,11-03-2038,08-01-2065,217641,219817,272573,0
44105,Ada,SULLIVAN,FEMALE,11-06-1997,01-14-1984,12-01-2062,104372,121072,138022,0
44259,Hailey,LYNCH,FEMALE,03-20-1968,01-05-2036,04-01-2033,113829,138871,162479,0
44413,Rose,FRANCIS,FEMALE,02-18-1985,06-02-2017,03-01-2050,104485,119113,146509,0
44567,James,COCHRAN,MALE,05-12-2002,06-13-2023,06-01-2067,215592,222060,257590,0
44721,Ian,BEARD,MALE,04-03-2003,03-04-2048,05-01-2068,115203,120963,139107,0
44875,Avery,AYERS,MALE,01-16-1958,09-05-2006,02-01-2023,0,0,0,89530
45029,King,LEWIS,MALE,11-25-1970,01-15-2000,12-01-2035,126605,132935,162181,0
45183,Brady,MEYER,MALE,09-21-1995,08-02-2025,10-01-2060,39512,45439,46348,0
45337,Mateo,NEAL,MALE,09-25-1961,06-10-2027,10-01-2026,196292,223773,275241,0
45491,Shane,WATERS,MALE,04-18-1994,01-15-2010,05-01-2059,117935,145060,178424,0
45645,Nicole,ABBOTT,FEMALE,09-06-1961,05-14-2020,10-01-2026,217291,252058,310031,0
45799,Leah,LOWERY,FEMALE,03-04-1975,10-14-2038,04-01-2040,249644,282098,315950,0
45953,Bryanna,MAYNARD,FEMALE,12-16-1962,06-06-2006,01-01-2027,179437,213530,254101,0
46107,Melody,COLEMAN,FEMALE,09-10-1995,11-05-2020,10-01-2060,233343,238010,242770,0
46261,Cassidy,VEGA,FEMALE,11-14-1953,07-06-2040,12-01-2018,0,0,0,62145
46415,Lillian,PAUL,FEMALE,10-01-1982,06-06-2002,11-01-2047,52963,53493,63657,0
46569,Yocheved,NASH,FEMALE,07-20-1985,06-09-2027,08-01-2050,74545,87963,107315,0
46723,Oscar,MONTES,MALE,06-04-1954,11-09-2010,07-01-2019,0,0,0,48716
46877,Kristian,VENTURA,MALE,06-23-1965,06-02-2049,07-01-2030,148833,159251,165621,0
47031,Emmanuel,WALKER,MALE,10-14-1960,11-07-2026,11-01-2025,78848,96195,106776,0
47185,Oscar,SCHMIDT,MALE,01-08-1952,12-06-2031,02-01-2017,0,0,0,46144
47339,Ethan,GREGORY,MALE,10-19-1989,07-15-2031,11-01-2054,96007,96967,114421,0
47493,Preston,CAMACHO,MALE,03-27-1954,05-09-2018,04-01-2019,0,0,0,45925
47647,Mathias,TAPIA,MALE,04-01-1957,09-04-2047,05-01-2022,0,0,0,45819
47801,Arturo,MCLEAN,MALE,10-12-1963,05-08-2025,11-01-2028,232894,239881,280661,0
47955,Stephanie,COFFEY,FEMALE,07-04-1982,11-02-1999,08-01-2047,101550,120845,130513,0
48109,Ayaan,HENDERSON,MALE,01-09-1950,09-11-2004,02-01-2015,0,0,0,86429
48263,Mia,MONTGOMERY,FEMALE,03-28-1968,05-15-2000,04-01-2033,52681,59530,68460,0
48417,Manha,OCONNOR,FEMALE,05-26-1961,01-09-2022,06-01-2026,232993,258622,302588,0
48571,Carter,PETERSEN,MALE,08-20-1999,04-09-2002,09-01-2064,240585,286296,340692,0
48725,Eric,ROSARIO,MALE,06-09-2002,10-10-2031,07-01-2067,53508,62604,77629,0
48879,Ariella,PUGH,FEMALE,03-02-1968,12-14-1983,04-01-2033,190923,234835,277105,0
49033,Siena,ALLEN,FEMALE,03-21-1970,09-01-2002,04-01-2035,98300,119926,148708,0
49187,Michael,DANIELS,MALE,11-17-1954,07-01-2024,12-01-2019,0,0,0,73439
49341,Sage,SUTTON,MALE,03-21-1954,09-02-2022,04-01-2019,0,0,0,36416
49495,DAISY,NORMAN,FEMALE,09-16-2003,07-04-2022,10-01-2068,145336,155510,188167,0
49649,SOPHIA,CHASE,FEMALE,04-14-1987,02-15-2025,05-01-2052,163194,184409,189941,0
49803,OLIVIA,CALHOUN,FEMALE,04-28-1953,12-04-1991,05-01-2018,0,0,0,49516
49957,ESTHER,SANFORD,FEMALE,02-01-1971,07-09-2012,03-01-2036,71910,74067,82214,0
50111,NEVAEH,GONZALES,FEMALE,11-20-1982,02-12-2003,12-01-2047,101373,108469,132332,0
50265,DANIELLE,JENSEN,FEMALE,07-04-1980,03-14-2022,08-01-2045,240612,245424,284692,0
50419,NECHAMA,PACHECO,FEMALE,09-11-1952,10-07-2044,10-01-2017,0,0,0,36615
50573,GEORGE,SHAH,MALE,09-14-1989,08-12-2039,10-01-2054,203618,252486,267635,0
50727,ELI,WALTER,MALE,09-13-1964,03-01-1999,10-01-2029,215021,232223,243834,0
50881,ALEJANDRO,BENDER,MALE,11-01-1956,03-11-2034,12-01-2021,0,0,0,85504
51035,JONAH,WRIGHT,MALE,05-06-1975,02-10-2028,06-01-2040,238747,243522,245957,0
51189,AUGUST,NICHOLS,MALE,12-09-1952,05-01-2037,01-01-2017,0,0,0,44798
51343,MATEO,RHODES,MALE,10-12-1980,11-04-2038,11-01-2045,110582,122746,142385,0
51497,ANNIE,COLON,FEMALE,06-08-1954,06-14-2009,07-01-2019,0,0,0,57082
51651,ZOEY,SWEENEY,FEMALE,10-01-1994,09-02-2052,11-01-2059,80840,94583,97420,0
51805,SKYLAR,CHUNG,FEMALE,04-03-1988,04-11-2048,05-01-2053,233673,268724,298284,0
51959,JADE,MADDOX,FEMALE,02-12-1952,05-08-2005,03-01-2017,0,0,0,70120
52113,VANESSA,VASQUEZ,FEMALE,09-26-1953,08-02-2027,10-01-2018,0,0,0,57289
52267,GIA,WILLIAMSON,FEMALE,10-15-1966,09-07-2047,11-01-2031,208571,212742,255290,0
52421,REBECCA,CALDERON,FEMALE,05-24-1957,01-12-1999,06-01-2022,0,0,0,69785
52575,IVAN,NICHOLSON,MALE,10-06-1970,04-11-2023,11-01-2035,124473,148123,180710,0
52729,DAVID,ONEAL,MALE,09-25-1957,09-01-2041,10-01-2022,0,0,0,80329
52883,ANDREW,MCMAHON,MALE,08-28-1961,08-08-2018,09-01-2026,172274,180888,189932,0
53037,JUSTIN,TORRES,MALE,12-02-1964,09-03-2000,01-01-2029,139464,168751,202501,0
53191,BENZION,SOTO,MALE,01-25-1977,03-02-2038,02-01-2042,234439,281327,303833,0
53345,MATTHEW,SCHWARTZ,MALE,11-12-1953,06-01-2008,12-01-2018,0,0,0,77379
53499,Annie,FRANK,FEMALE,12-16-1959,07-01-2002,01-01-2024,0,0,0,44489
53653,Abigail,WYATT,FEMALE,04-18-1959,05-02-2049,05-01-2024,0,0,0,84505
53807,Sariah,HULL,FEMALE,07-26-1981,12-11-2032,08-01-2046,169915,176712,189082,0
53961,Iris,OCONNELL,FEMALE,11-14-1971,04-01-2033,12-01-2036,66698,73368,80705,0
54115,Stella,ROMERO,FEMALE,10-07-1985,11-14-1984,11-01-2050,153878,184654,223431,0
54269,Fradel,DEAN,FEMALE,01-18-1984,05-01-2018,02-01-2049,154713,167090,170432,0
54423,Penelope,MOSS,FEMALE,05-18-1951,09-10-1997,06-01-2016,0,0,0,53095
54577,Farhan,LOZANO,MALE,05-16-1952,05-06-2036,06-01-2017,0,0,0,84874
54731,Corey,MCCLURE,MALE,07-02-1960,08-02-2009,08-01-2025,230157,239363,287236,0
54885,Alex,CASE,MALE,01-19-1978,01-10-2025,02-01-2043,199525,217482,221832,0
55039,Jonathan,HILL,MALE,09-10-1973,06-01-2008,10-01-2038,84849,87394,97007,0
55193,Aron,RYAN,MALE,07-17-1995,01-07-2052,08-01-2060,85714,87428,96171,0
55347,Leonard,JENNINGS,MALE,01-18-1973,12-09-2006,02-01-2038,193417,232100,241384,0
55501,Yossi,GLOVER,MALE,01-02-1977,08-02-2030,02-01-2042,214650,231822,236458,0
55655,Queena,HORN,FEMALE,03-21-2002,03-04-2010,04-01-2067,176675,196109,243175,0
55809,Madison,ELLISON,FEMALE,01-13-1995,07-09-2050,02-01-2060,213566,226380,249018,0
55963,Catalina,ANDERSEN,FEMALE,04-28-1997,12-10-2049,05-01-2062,240063,280874,339858,0
56117,Monserrat,PATTERSON,FEMALE,07-21-1982,09-05-2034,08-01-2047,38880,47822,49735,0
56271,Chany,ESPINOZA,FEMALE,12-26-1972,08-15-2020,01-01-2037,111036,133243,139905,0
56425,Livia,CHAN,FEMALE,01-19-1994,11-11-2033,02-01-2059,113824,126345,127608,0
56579,Aaron,FLOWERS,MALE,07-07-1979,07-11-2008,08-01-2044,85844,96145,103837,0
56733,Ricky,STEPHENSON,MALE,04-21-1974,04-08-2036,05-01-2039,227700,248193,277976,0
56887,Logan,MOSES,MALE,06-18-1958,08-11-2022,07-01-2023,0,0,0,66279
57041,Evan,GREEN,MALE,01-14-1972,03-03-2040,02-01-2037,227621,254936,308473,0
57195,Randy,PAYNE,MALE,07-04-1992,10-09-2003,08-01-2057,45001,51751,55891,0
57349,Francis,DURAN,MALE,07-09-1954,07-05-1995,08-01-2019,0,0,0,86947
57503,Reuben,BUCHANAN,MALE,03-08-1961,08-06-1983,04-01-2026,77269,82678,90119,0
57657,Evan,PHELPS,MALE,06-12-1998,03-01-2034,07-01-2063,128840,130128,156154,0
57811,Bryant,GILLESPIE,MALE,06-23-1999,10-08-2022,07-01-2064,117103,127642,140406,0
57965,Gia,MCPHERSON,FEMALE,03-25-1951,08-06-2015,04-01-2016,0,0,0,48291
58119,Yusuf,HAMILTON,MALE,08-26-1984,03-11-2039,09-01-2049,219452,230425,244251,0
58273,Phoebe,LI,FEMALE,02-01-1953,02-13-2048,03-01-2018,0,0,0,69396
58427,Andrew,KHAN,MALE,04-21-1997,07-15-2015,05-01-2062,181462,221384,272302,0
58581,Brooks,SHORT,MALE,06-05-1998,10-02-1998,07-01-2063,70694,84833,105193,0
58735,Stella,HUERTA,FEMALE,05-18-1964,02-06-2014,06-01-2029,200130,224146,244319,0
58889,Vera,BLACKBURN,FEMALE,02-03-1955,02-13-2040,03-01-2020,0,0,0,49501
59043,Reem,NELSON,FEMALE,01-18-1978,07-02-2017,02-01-2043,100331,111367,116935,0
59197,Princeton,DUNN,MALE,05-07-1978,10-13-2024,06-01-2043,129667,155600,163380,0
59351,Violet,COHEN,FEMALE,11-24-1998,09-06-2021,12-01-2063,229633,254893,305872,0
59505,Tyler,FLOYD,MALE,05-02-1992,12-08-2035,06-01-2057,172955,200628,210659,0
59659,Violet,DICKERSON,FEMALE,08-11-1952,02-10-2050,09-01-2017,0,0,0,81257
59813,Aleah,MIDDLETON,FEMALE,02-19-2000,07-07-2004,03-01-2065,135080,143185,171822,0
59967,Eason,SCHMITT,MALE,05-01-1957,03-08-2019,06-01-2022,0,0,0,65469
60121,Fiona,REYNOLDS,FEMALE,11-01-1990,05-13-1997,12-01-2055,232493,244118,305148,0
60275,Grayson,REID,MALE,04-13-1967,02-14-2047,05-01-2032,172349,208542,254421,0
60429,Leiby,SERRANO,MALE,04-21-1951,08-15-2022,05-01-2016,0,0,0,54634
60583,Chava,MORA,FEMALE,09-18-1998,06-04-2016,10-01-2063,246878,264159,277367,0
60737,Lara,VANCE,FEMALE,10-06-1977,06-12-2022,11-01-2042,215148,232360,241654,0
60891,Hunter,GOULD,MALE,12-03-1989,10-13-2025,01-01-2054,109883,130761,155606,0
61045,Gabriella,HALL,FEMALE,08-11-1979,03-09-2038,09-01-2044,85573,91563,106213,0
61199,Victoria,SPENCER,FEMALE,05-01-1980,12-09-2025,06-01-2045,187344,230433,269607,0
61353,MICAH,MORAN,MALE,02-02-1962,12-09-2016,03-01-2027,141496,148571,169371,0
61507,HUNTER,IBARRA,MALE,12-16-1981,08-11-2009,01-01-2046,201121,247379,254800,0
61661,Jack,FOLEY,MALE,06-22-1954,04-04-2026,07-01-2019,0,0,0,87291
61815,SAUL,LEBLANC,MALE,01-11-1968,10-04-2027,02-01-2033,82438,88209,97030,0
61969,Blake,LEAL,MALE,05-18-1973,08-09-2027,06-01-2038,80337,90781,92597,0
62123,ANIYAH,WALLACE,FEMALE,06-24-1963,01-12-2012,07-01-2028,100101,123124,124355,0
62277,Lucien,LE,MALE,06-25-1963,04-07-2034,07-01-2028,246444,295733,319392,0
62431,SHALOM,ROSALES,MALE,08-28-1952,05-12-1996,09-01-2017,0,0,0,62201
62585,Leonidas,BRYAN,MALE,05-01-1959,10-11-2008,06-01-2024,0,0,0,74571
62739,ANGEL,JOHNS,FEMALE,12-14-1997,11-02-2029,01-01-2062,104977,120724,129175,0
62893,Adrian,VAUGHAN,MALE,12-12-1998,06-03-1996,01-01-2063,91758,92676,103797,0
63047,BIANCA,CAMPBELL,FEMALE,03-01-1965,10-03-2011,04-01-2030,91226,106734,108869,0
63201,DEREK,ARNOLD,MALE,03-02-1991,01-09-2001,04-01-2056,215639,222108,250982,0
63355,Layla,STEELE,FEMALE,11-25-1954,10-09-2012,12-01-2019,0,0,0,84282
63509,Josephine,TYLER,FEMALE,09-10-1963,05-10-2005,10-01-2028,105291,130561,133172,0
63663,ADAM,MATHEWS,MALE,06-17-1984,02-11-2045,07-01-2049,186370,223644,270609,0
63817,Antonia,HARDIN,FEMALE,03-03-1965,01-07-1996,04-01-2030,170247,188974,228659,0
63971,Angela,COMPTON,FEMALE,07-27-1998,06-15-2008,08-01-2063,240889,286658,309591,0
64125,AHUVA,WEST,FEMALE,09-11-1968,11-12-2016,10-01-2033,203957,234551,253315,0
64279,JADA,GARRETT,FEMALE,09-14-1972,11-01-2020,10-01-2037,90169,91071,103821,0
64433,ARYA,CHRISTENSEN,FEMALE,08-24-2001,06-11-2024,09-01-2066,183252,205242,227819,0
64587,PAIGE,WEISS,FEMALE,06-08-1950,08-07-2038,07-01-2015,0,0,0,41569
64741,HAILEY,BLACKWELL,FEMALE,12-01-1979,01-09-2046,01-01-2044,213013,238575,281519,0
64895,RILEY,MCKAY,MALE,11-18-1994,12-09-2020,12-01-2059,222894,236268,276434,0
65049,Vincent,CARTER,MALE,08-03-1967,03-10-2002,09-01-2032,102687,124251,139161,0
65203,JOHNNY,VAZQUEZ,MALE,04-27-2003,11-13-1987,05-01-2068,225498,272853,308324,0
65357,Kelly,BECKER,FEMALE,11-19-1964,02-13-2042,12-01-2029,115793,128530,132386,0
65511,JAYLEN,BOWERS,MALE,08-27-1959,05-05-2004,09-01-2024,0,0,0,66433
65665,Yitzchak,ACEVEDO,MALE,08-17-1968,08-12-2034,09-01-2033,197350,224979,254226,0
65819,Trinity,MCINTOSH,FEMALE,08-25-1997,05-12-2029,09-01-2062,51774,60576,72691,0
65973,Aidan,SIERRA,MALE,10-09-1980,06-01-2009,11-01-2045,62829,73510,86742,0
66127,George,HAYES,MALE,05-27-1967,12-03-2014,06-01-2032,192838,237191,270398,0
66281,Jonathan,FULLER,MALE,08-15-1988,02-12-2001,09-01-2053,63682,66229,66891,0
66435,Jaylin,GILL,FEMALE,08-09-1998,03-08-1993,09-01-2063,78933,86037,87758,0
66589,Logan,BASS,MALE,09-13-1965,11-13-2035,10-01-2030,136247,143059,173101,0
66743,Jacob,PRINCE,MALE,04-26-1958,07-01-2025,05-01-2023,0,0,0,51481
66897,JORGE,RIVERS,MALE,07-20-1963,01-03-2024,08-01-2028,245255,272233,313068,0
67051,Elizabeth,GOMEZ,FEMALE,04-06-2001,01-05-2039,05-01-2066,115190,130165,157500,0
67205,ALLISON,PETERS,FEMALE,09-09-1993,06-02-2004,10-01-2058,249884,304858,326198,0
67359,ANALIA,DELEON,FEMALE,03-17-1992,01-12-2019,04-01-2057,152267,170539,201236,0
67513,Gary,SALAS,MALE,01-09-1962,03-13-2011,02-01-2027,161992,179811,210379,0
67667,MIRIAM,ZAVALA,FEMALE,10-25-1984,05-04-2028,11-01-2049,52420,65001,71501,0
67821,GITTY,LIVINGSTON,FEMALE,08-19-1954,07-13-2031,09-01-2019,0,0,0,79459
67975,CRISTOPHER,ALFARO,MALE,11-03-1999,05-14-2014,12-01-2064,157023,185287,214933,0
68129,Judah,HERRERA,MALE,05-04-1974,10-01-2042,06-01-2039,238171,250080,307598,0
68283,Idy,WEBER,FEMALE,04-22-1951,07-15-2010,05-01-2016,0,0,0,47974
68437,Diana,MCLAUGHLIN,FEMALE,07-14-1996,08-08-2029,08-01-2061,204412,239162,291778,0
68591,QUEENIE,SUMMERS,FEMALE,10-09-1975,01-09-2034,11-01-2040,198680,206627,245886,0
68745,NOAH,SOLOMON,MALE,10-09-2002,10-05-2038,11-01-2067,217829,230899,247062,0
68899,Samantha,BERNARD,FEMALE,03-01-1972,02-07-2053,04-01-2037,73434,89589,101236,0
69053,Damian,EVANS,MALE,04-01-1997,06-12-2043,05-01-2062,71007,80238,85855,0
69207,Derrick,HART,MALE,05-21-1983,08-05-2002,06-01-2048,189296,193082,231698,0
69361,Greyson,TERRY,MALE,02-20-1994,09-07-2039,03-01-2059,164394,172614,210589,0
69515,NATHAN,GIBBS,MALE,10-23-1972,09-12-2012,11-01-2037,88383,98105,100067,0
69669,GISELLE,GLENN,FEMALE,08-28-1973,10-09-2021,09-01-2038,105727,128987,153495,0
69823,Amanda,GLASS,FEMALE,01-21-1991,12-10-2013,02-01-2056,247315,284412,301477,0
69977,KHLOE,PROCTOR,FEMALE,12-04-1985,02-13-2026,01-01-2050,101945,107042,108112,0
70131,Sylvie,ELLIS,FEMALE,04-20-1977,05-10-2002,05-01-2042,232001,266801,328165,0
70285,PRINCE,ROJAS,MALE,05-25-2003,06-04-2049,06-01-2068,150536,177632,188290,0
70439,Lucas,MCGEE,MALE,06-16-2002,02-15-2017,07-01-2067,76687,82055,86978,0
70593,Jaylene,CARSON,FEMALE,02-24-1986,09-01-2037,03-01-2051,70371,83038,96324,0
70747,Luke,STAFFORD,MALE,09-25-1972,09-02-2035,10-01-2037,83675,89532,111915,0
70901,MENACHEM,FRIEDMAN,MALE,09-10-1987,06-03-2023,10-01-2052,149044,166929,200315,0
71055,Jace,DIAZ,MALE,06-24-1969,11-01-2015,07-01-2034,183685,203890,240590,0
71209,ERIN,KNIGHT,FEMALE,10-14-1999,04-12-2014,11-01-2064,203028,215210,236731,0
71363,Alyssa,LEON,FEMALE,03-05-2003,01-07-1995,04-01-2068,194121,229063,249679,0
71517,Alan,BAUER,MALE,05-10-1955,09-05-2021,06-01-2020,0,0,0,39190
71671,AKIVA,HARRELL,MALE,10-23-1979,12-09-2012,11-01-2044,59048,61410,70007,0
71825,Philip,KNAPP,MALE,12-28-1974,05-01-2005,01-01-2039,216214,235673,278094,0
71979,Diana,HINTON,FEMALE,01-04-1966,11-02-1989,02-01-2031,136778,150456,171520,0
72133,MILA,MEDINA,FEMALE,10-12-1990,11-09-2044,11-01-2055,79865,95039,113096,0
72287,JAYLA,MARQUEZ,FEMALE,02-18-1976,05-11-2033,03-01-2041,61945,76192,82287,0
72441,Drew,DOYLE,MALE,08-18-1955,06-03-1992,09-01-2020,0,0,0,72747
72595,CADEN,CLAYTON,MALE,10-06-1958,02-06-2034,11-01-2023,0,0,0,74432
72749,Yitzchak,HURST,MALE,11-24-1952,12-06-2010,12-01-2017,0,0,0,37499
72903,ELIANA,TRUONG,FEMALE,08-10-1980,10-01-2047,09-01-2045,161320,162933,203666,0
73057,SAGE,CRUZ,FEMALE,03-08-1967,09-15-2019,04-01-2032,125667,128180,139716,0
73211,Jessie,CUNNINGHAM,FEMALE,12-01-1954,06-11-2046,01-01-2019,0,0,0,69250
73365,Eli,BENSON,MALE,01-23-1955,02-10-2015,02-01-2020,0,0,0,60741
73519,Lauren,MOODY,FEMALE,08-20-1993,03-15-2022,09-01-2058,92110,113295,129156,0
73673,Malaysia,RUBIO,FEMALE,12-09-1984,03-02-2043,01-01-2049,183268,225420,259233,0
73827,JACE,STARK,MALE,01-05-1950,10-06-2008,02-01-2015,0,0,0,59938
73981,Lillian,GOOD,FEMALE,04-28-1997,03-01-2020,05-01-2062,73852,75329,88135,0
74135,ALI,STEVENS,MALE,11-02-1980,11-08-2015,12-01-2045,199679,231628,264056,0
74289,Destiny,PARK,FEMALE,08-22-1950,04-01-2019,09-01-2015,0,0,0,82692
74443,Landon,NEWTON,MALE,05-06-1986,07-09-2017,06-01-2051,52122,52643,60539,0
74597,Linda,DECKER,FEMALE,10-14-1978,03-09-2029,11-01-2043,165754,192275,236498,0
74751,Angel,CORTES,FEMALE,04-28-1980,11-13-2020,05-01-2045,180292,218153,263965,0
74905,Leon,CORREA,MALE,07-20-1969,04-07-2048,08-01-2034,209411,228258,273910,0
75059,Hailey,COLLINS,FEMALE,04-23-2001,04-01-2016,05-01-2066,180605,218532,238200,0
75213,SHAWN,ARMSTRONG,MALE,12-20-1968,10-01-2019,01-01-2033,248912,311140,317363,0
75367,Dylan,HORTON,MALE,11-11-1991,09-05-2035,12-01-2056,109351,125754,139587,0
75521,Alyssa,MCGUIRE,FEMALE,12-13-1996,08-13-2014,01-01-2061,222141,255462,273344,0
75675,ALINA,CHOI,FEMALE,04-05-1979,06-05-2053,05-01-2044,107903,124088,148906,0
75829,Grayson,NOBLE,MALE,10-02-1958,03-05-2055,11-01-2023,0,0,0,81947
75983,ERIKA,MCCANN,FEMALE,05-01-1998,01-12-2050,06-01-2063,102642,123170,133024,0
76137,CARLOS,FORD,MALE,04-04-1968,01-06-2000,05-01-2033,174782,200999,245219,0
76291,Nicholas,LITTLE,MALE,07-03-1998,05-08-2036,08-01-2063,191335,202815,225125,0
76445,LILY,REESE,FEMALE,01-04-1953,05-03-2007,02-01-2018,0,0,0,55003
76599,JESSIE,COLLIER,FEMALE,05-14-1999,04-04-2038,06-01-2064,43480,43915,53137,0
76753,Austin,KEMP,MALE,11-04-1999,09-13-2010,12-01-2064,114046,115186,143983,0
